Nome;Email;Telefone;Usuario;Senha;Documento;NumeroCartao;DataNascimento
Ferdinand;Ferdinand@hotmail.com;(53)99620-2626;Ferdinand;Ferdinand@#$456;490-015-407-41;123456789;09/03/2004
Jianhui;Jianhui@hotmail.com;(96)98255-2934;Jianhui;Jianhui@#$456;380-502-015-48;987456321;30/06/2003
Jaewon;Jaewon@hotmail.com;(68)99688-0154;Jaewon;Jaewon@#$456;451-520-388-68;951753852;31/05/1994
Mahendra;Mahendra@hotmail.com;(38)98264-6518;Mahendra;Mahendra@#$456;939-930-623-85;963852741;23/02/1957
Demos;Demos@hotmail.com;(49)99832-9692;Demos;Demos@#$456;648-851-312-68;147852369;07/08/1989
Arif;Arif@hotmail.com;(82)99705-8384;Arif;Arif@#$456;320-977-814-40;369852852;15/12/1963
Dipayan;Dipayan@hotmail.com;(73)98801-0887;Dipayan;Dipayan@#$456;455-217-730-09;963258745;31/01/1964
Tesuro;Tesuro@hotmail.com;(44)99405-3390;Tesuro;Tesuro@#$456;613-469-165-70;159753417;03/10/1987
Manibrata;Manibrata@hotmail.com;(51)99541-9104;Manibrata;Manibrata@#$456;973-925-511-34;852461233;22/11/1960
Remmert;Remmert@hotmail.com;(42)99489-7185;Remmert;Remmert@#$456;678-833-273-57;951456852;06/06/1991
Gaetan;Gaetan@hotmail.com;(61)99222-3693;Gaetan;Gaetan@#$456;276-430-387-14;625463152;27/08/1994
Kellyn;Kellyn@hotmail.com;(68)98965-9522;Kellyn;Kellyn@#$456;213-517-657-25;941256325;22/08/2002
Jinpo;Jinpo@hotmail.com;(98)99856-5794;Jinpo;Jinpo@#$456;561-697-156-57;214526635;24/02/1975
Hiroyasu;Hiroyasu@hotmail.com;(63)99804-5023;Hiroyasu;Hiroyasu@#$456;655-522-286-59;954788569;06/09/1961
Rosella;Rosella@hotmail.com;(92)99139-0422;Rosella;Rosella@#$456;535-615-544-92;495856324;07/09/1992
Zhiguo;Zhiguo@hotmail.com;(96)98878-3931;Zhiguo;Zhiguo@#$456;757-998-109-02;612356425;26/11/1966
Sergi;Sergi@hotmail.com;(89)98430-7093;Sergi;Sergi@#$456;342-727-218-32;213652452;03/03/1979
Claudi;Claudi@hotmail.com;(11)91958-0656;Claudi;Claudi@#$456;650-492-993-21;436245232;15/11/1992
Jiong;Jiong@hotmail.com;(38)98544-7826;Jiong;Jiong@#$456;374-968-383-55;626262323;17/02/1983
